<?xml version="1.0" encoding="UTF-8"?>

<root-container name="bmw:studioProcess" width="768" height="863">
  <node name="Start" x="340" y="56" width="132" height="36">
    <edge>
      <label x="5" y="-10"/>
    </edge>
  </node>
  <node name="ConceptWork?" x="343" y="115" width="132" height="36">
    <edge>
      <label x="4" y="-121"/>
    </edge>
    <edge>
      <label x="131" y="-18"/>
      <bendpoint w1="-216" h1="0" w2="-1" h2="-56"/>
    </edge>
  </node>
  <node name="P01_SetConceptPriorityAndAssignDesignerOrCopywriter" x="17" y="171" width="354" height="36">
    <edge>
      <label x="5" y="-10"/>
    </edge>
  </node>
  <node name="StartConceptWork" x="95" y="226" width="185" height="36">
    <edge>
      <label x="5" y="-10"/>
    </edge>
  </node>
  <node name="GenericWorkConcept" x="94" y="286" width="187" height="36">
    <edge>
      <label x="5" y="-10"/>
    </edge>
  </node>
  <node name="joinConceptWorkers" x="120" y="352" width="140" height="24">
    <edge>
      <label x="5" y="-10"/>
    </edge>
  </node>
  <node name="CopyWork?" x="265" y="457" width="132" height="36">
    <edge>
      <label x="-18" y="-94"/>
    </edge>
    <edge>
      <label x="16" y="4"/>
      <bendpoint w1="-109" h1="3" w2="1" h2="-72"/>
    </edge>
  </node>
  <node name="DesignWork?" x="447" y="457" width="132" height="36">
    <edge>
      <label x="55" y="-92"/>
    </edge>
    <edge>
      <label x="-27" y="5"/>
      <bendpoint w1="101" h1="3" w2="1" h2="-70"/>
    </edge>
  </node>
  <node name="fork1" x="339" y="399" width="142" height="24">
    <edge>
      <label x="5" y="-10"/>
    </edge>
    <edge>
      <label x="5" y="-10"/>
    </edge>
  </node>
  <node name="P02_SetCopyPriorityAndAssignCopywriter" x="69" y="532" width="271" height="36">
    <edge>
      <label x="5" y="-10"/>
    </edge>
  </node>
  <node name="P03_SetDesignPriorityAndAssignDesigner" x="491" y="530" width="276" height="36">
    <edge>
      <label x="5" y="-10"/>
    </edge>
  </node>
  <node name="GenericWorkCopy" x="203" y="615" width="132" height="36">
    <edge>
      <label x="5" y="-10"/>
    </edge>
  </node>
  <node name="GenericWorkDesign" x="488" y="608" width="149" height="36">
    <edge>
      <label x="5" y="-10"/>
    </edge>
  </node>
  <node name="P04_ApproveWorkAsCompleteAndOutOfStudio" x="241" y="733" width="307" height="36">
    <edge>
      <label x="5" y="-10"/>
    </edge>
  </node>
  <node name="join1" x="310" y="684" width="170" height="24">
    <edge>
      <label x="5" y="-10"/>
    </edge>
  </node>
  <node name="end" x="332" y="796" width="132" height="36"/>
</root-container>
