<?xml version='1.0' encoding='UTF-8'?>
<!DOCTYPE beans PUBLIC '-//SPRING//DTD BEAN//EN' 'http://www.springframework.org/dtd/spring-beans.dtd'>
<beans>

    <bean id="ldapContextSource" class="org.springframework.ldap.core.support.LdapContextSource">
        <property name="url" value="${ldap.samba.authentication.java.naming.provider.url}"/>
        <property name="base" value="${ldap.samba.authentication.base}"/>
        <property name="userDn" value="${ldap.samba.java.naming.security.principal}"/>
        <property name="password" value="${ldap.samba.java.naming.security.credentials}"/>
    </bean>

    <bean id="ldapTemplate" class="org.springframework.ldap.core.LdapTemplate">
        <constructor-arg ref="ldapContextSource"/>
        <property name="ignorePartialResultException" value="true"/>
    </bean>


    <bean id="authenticationComponent" class="com.bestmoney.cms.authentication.LdapSambaAuthenticationComponentImpl"
          parent="authenticationComponentBase">
        <property name="ldapTemplate" ref="ldapTemplate"/>
        <property name="userBase" value="${ldap.samba.authentication.userbase}"/>
        <property name="authenticationManager">
            <ref bean="authenticationManager"/>
        </property>
        <property name="allowGuestLogin">
			<value>${alfresco.authentication.allowGuestLogin}</value>
        </property>
        <property name="nodeService">
            <ref bean="nodeService"/>
        </property>
        <property name="personService">
            <ref bean="personService"/>
        </property>
        <property name="transactionService">
            <ref bean="transactionService"/>
        </property>
    </bean>

<!--

   <bean id="authenticationComponent" class="org.alfresco.repo.security.authentication.AuthenticationComponentImpl"
      parent="authenticationComponentBase">
      <property name="authenticationDao">
         <ref bean="authenticationDao" />
      </property>
      <property name="authenticationManager">
         <ref bean="authenticationManager" />
      </property>
      <property name="allowGuestLogin">
         <value>${alfresco.authentication.allowGuestLogin}</value>
      </property>
      <property name="nodeService">
         <ref bean="nodeService" />
      </property>
      <property name="personService">
         <ref bean="personService" />
      </property>
      <property name="transactionService">
         <ref bean="transactionService" />
      </property>
      <property name="defaultAdministratorUserNames">
         <set>
            <value>${alfresco_user_store.adminusername}</value>
            <value>administrator</value>
         </set>
      </property>
      <property name="defaultGuestUserNames">
         <set>
            <value>${alfresco_user_store.guestusername}</value>
         </set>
      </property>
   </bean>
   -->

   <!-- Wrapped version to be used within subsystem -->
   <bean id="AuthenticationComponent" class="org.springframework.transaction.interceptor.TransactionProxyFactoryBean">
      <property name="proxyInterfaces">
         <list>
            <value>org.alfresco.repo.security.authentication.AuthenticationComponent</value>
            <value>org.alfresco.repo.security.authentication.ntlm.NLTMAuthenticator</value>
         </list>
      </property>
      <property name="transactionManager">
         <ref bean="transactionManager" />
      </property>
      <property name="target">
         <ref bean="authenticationComponent" />
      </property>
      <property name="transactionAttributes">
         <props>
            <prop key="*">${server.transaction.mode.default}</prop>
         </props>
      </property>
   </bean>

   <bean id="authenticationDao" class="org.alfresco.repo.security.authentication.RepositoryAuthenticationDao">
      <property name="nodeService">
         <ref bean="nodeService" />
      </property>
      <property name="tenantService">
         <ref bean="tenantService" />
      </property>
      <property name="dictionaryService">
         <ref bean="dictionaryService" />
      </property>
      <property name="namespaceService">
         <ref bean="namespaceService" />
      </property>
      <property name="searchService">
         <ref bean="admSearchService" />
      </property>
      <property name="retryingTransactionHelper">
         <ref bean="retryingTransactionHelper" />
      </property>
      <property name="userNameMatcher">
         <ref bean="userNameMatcher" />
      </property>
      <property name="passwordEncoder">
         <ref bean="passwordEncoder" />
      </property>
   </bean>

   <!-- Authentication service for chaining -->
   <bean id="localAuthenticationService" class="org.alfresco.repo.security.authentication.MutableAuthenticationServiceImpl">
      <property name="authenticationDao">
         <ref bean="authenticationDao" />
      </property>
      <property name="ticketComponent">
         <ref bean="ticketComponent" />
      </property>
      <property name="authenticationComponent">
         <ref bean="authenticationComponent" />
      </property>
      <property name="sysAdminParams">
         <ref bean="sysAdminParams" />
      </property>
      <property name="auditComponent">
         <ref bean="auditComponent" />
      </property>
   </bean>

   <!-- CIFS authentication -->
   <bean id="cifsAuthenticator" class="org.alfresco.filesys.auth.cifs.EnterpriseCifsAuthenticator" parent="cifsAuthenticatorBase">
      <property name="active">
         <value>${alfresco.authentication.authenticateCIFS}</value>
      </property>
   </bean>

   <!--                                                                    -->
   <!-- The Acegi authentication manager.                                  -->
   <!--                                                                    -->
   <!-- Provders are asked to authenticate in order.                       -->
   <!-- First, is a provider that checks if an acegi authentication object -->
   <!-- is already bound to the executing thread. If it is, and it is set  -->
   <!-- as authenticated then no further authentication is required. If    -->
   <!-- this is absent, Acegi validates the password for every method      -->
   <!-- invocation, which is too CPU expensive. If we set an               -->
   <!-- authentication based on a ticket etc .... or we want to set the    -->
   <!-- the system user as the current user ... we do not have the         -->
   <!-- password. So if we have set an authentication and set it as        -->
   <!-- authenticated that is sufficient to validate the user.             -->
   <!--                                                                    -->
   <!-- If the authentication bound to the current thread is not set as    -->
   <!-- authenticated the standard Acegi DAO Authentication provider       -->
   <!-- is used to authenticate.                                           -->
   <!--                                                                    -->

   <bean id="authenticationManager" class="net.sf.acegisecurity.providers.ProviderManager">
      <property name="providers">
         <list>
            <ref bean="authenticatedAuthenticationPassthroughProvider" />
            <ref bean="daoAuthenticationProvider" />
         </list>
      </property>
   </bean>

   <!-- We provide a DAO to plug into the Acegi DaoAuthenticationProvider  -->

   <bean id="daoAuthenticationProvider" class="net.sf.acegisecurity.providers.dao.DaoAuthenticationProvider">
      <property name="authenticationDao">
         <ref bean="authenticationDao" />
      </property>
      <property name="saltSource">
         <ref bean="saltSource" />
      </property>
      <property name="passwordEncoder">
         <ref bean="passwordEncoder" />
      </property>
   </bean>

   <!-- The DAO also acts as a salt provider.                              -->

   <alias alias="saltSource" name="authenticationDao" />

</beans>