<?xml version="1.0" encoding="UTF-8"?>
<!-- Definition of new Model -->
<model name="bmc:contentModel" xmlns="http://www.alfresco.org/model/dictionary/1.0">

	<!-- Optional meta-data about the model -->
	<description>Best Money Content Model</description>
	<author>Martin Bergljung</author>
	<version>1.0</version>

	<!-- Imports are required to allow references to definitions in other models -->
	<imports>
		<!-- Import Alfresco Dictionary Definitions -->
		<import uri="http://www.alfresco.org/model/dictionary/1.0" prefix="d" />
		<!-- Import Alfresco Content Domain Model Definitions -->
		<import uri="http://www.alfresco.org/model/content/1.0" prefix="cm" />
		<import uri="http://www.alfresco.org/model/system/1.0" prefix="sys" />
		<import uri="http://www.alfresco.org/model/datalist/1.0" prefix="dl" />
	</imports>

	<!-- Introduction of new namespaces defined by this model -->
	<namespaces>
		<namespace uri="http://www.bestmoney.com/model/content/1.0" prefix="bmc" />
	</namespaces>


    <!-- new content model types, aspects, constraints etc go here...-->

</model>