<?xml version="1.0" encoding="UTF-8"?>

<root-container name="bmw:workProcess" width="760" height="661">
  <node name="Start" x="115" y="21" width="132" height="36">
    <edge>
      <label x="5" y="-10"/>
    </edge>
  </node>
  <node name="W01_ProduceWork" x="110" y="96" width="144" height="36">
    <edge>
      <label x="5" y="-10"/>
    </edge>
  </node>
  <node name="W02_ValidateWork" x="111" y="166" width="141" height="36">
    <edge>
      <label x="5" y="-10"/>
      <bendpoint w1="27" h1="34" w2="31" h2="-40"/>
    </edge>
    <edge>
      <label x="5" y="-10"/>
      <bendpoint w1="-35" h1="35" w2="-31" h2="-39"/>
    </edge>
  </node>
  <node name="WorkValid?" x="111" y="240" width="132" height="36">
    <edge>
      <label x="5" y="-10"/>
      <bendpoint w1="141" h1="-2" w2="-65" h2="143"/>
    </edge>
    <edge>
      <label x="5" y="-10"/>
    </edge>
  </node>
  <node name="W03_ValidateWork" x="109" y="309" width="138" height="36">
    <edge>
      <label x="5" y="-10"/>
      <bendpoint w1="19" h1="43" w2="21" h2="-49"/>
    </edge>
    <edge>
      <label x="5" y="-10"/>
      <bendpoint w1="-39" h1="43" w2="-37" h2="-49"/>
    </edge>
  </node>
  <node name="WorkValid2?" x="110" y="401" width="132" height="36">
    <edge>
      <label x="5" y="-10"/>
      <bendpoint w1="207" h1="0" w2="0" h2="306"/>
    </edge>
    <edge>
      <label x="5" y="-10"/>
    </edge>
  </node>
  <node name="W04_AmendWork" x="313" y="95" width="140" height="36">
    <edge>
      <label x="5" y="-10"/>
      <bendpoint w1="-88" h1="2" w2="114" h2="-69"/>
    </edge>
  </node>
  <node name="End" x="110" y="477" width="132" height="36"/>
</root-container>
