<?xml version="1.0" encoding="UTF-8"?>

<root-container name="bmw:signoffProcess" width="760" height="880">
  <node name="Start" x="172" y="21" width="132" height="36">
    <edge>
      <label x="5" y="-10"/>
    </edge>
  </node>
  <node name="SO01_Lev3SignOff" x="175" y="78" width="132" height="36">
    <edge>
      <label x="5" y="-3"/>
      <bendpoint w1="22" h1="32" w2="26" h2="-34"/>
    </edge>
    <edge>
      <label x="10" y="-4"/>
      <bendpoint w1="-47" h1="30" w2="-43" h2="-36"/>
    </edge>
  </node>
  <node name="isLev3Approved?" x="171" y="151" width="132" height="36">
    <edge>
      <label x="-197" y="-289"/>
      <bendpoint w1="265" h1="-1" w2="256" h2="-645"/>
      <bendpoint w1="267" h1="586" w2="268" h2="-26"/>
    </edge>
    <edge>
      <label x="5" y="-18"/>
    </edge>
  </node>
  <node name="isLev2SignOff?" x="171" y="229" width="132" height="36">
    <edge>
      <label x="-60" y="4"/>
      <bendpoint w1="129" h1="-2" w2="-1" h2="-469"/>
    </edge>
    <edge>
      <label x="5" y="-20"/>
    </edge>
  </node>
  <node name="SO02_Lev2SignOff" x="177" y="316" width="132" height="36">
    <edge>
      <label x="5" y="-10"/>
      <bendpoint w1="18" h1="37" w2="24" h2="-43"/>
    </edge>
    <edge>
      <label x="5" y="-10"/>
      <bendpoint w1="-58" h1="39" w2="-52" h2="-41"/>
    </edge>
  </node>
  <node name="isLev2Approved?" x="171" y="396" width="132" height="36">
    <edge>
      <label x="58" y="5"/>
      <bendpoint w1="-148" h1="1" w2="-71" h2="-300"/>
    </edge>
    <edge>
      <label x="4" y="-17"/>
    </edge>
  </node>
  <node name="isLev1SignOff?" x="175" y="466" width="132" height="36">
    <edge>
      <label x="-30" y="5"/>
      <bendpoint w1="98" h1="-2" w2="-38" h2="-264"/>
    </edge>
    <edge>
      <label x="5" y="-17"/>
    </edge>
  </node>
  <node name="SO03_Lev1SignOff" x="176" y="543" width="132" height="36">
    <edge>
      <label x="5" y="-10"/>
      <bendpoint w1="27" h1="40" w2="30" h2="-42"/>
    </edge>
    <edge>
      <label x="5" y="-10"/>
      <bendpoint w1="-50" h1="41" w2="-47" h2="-41"/>
    </edge>
  </node>
  <node name="isLev1Approved?" x="173" y="625" width="132" height="36">
    <edge>
      <label x="15" y="-15"/>
    </edge>
    <edge>
      <label x="-5" y="-18"/>
    </edge>
  </node>
  <node name="SO04_CheckSignoffComments" x="278" y="696" width="206" height="36">
    <edge>
      <label x="5" y="-10"/>
    </edge>
  </node>
  <node name="SendReworkEmailToApprover" x="55" y="697" width="211" height="36">
    <edge>
      <label x="5" y="-10"/>
    </edge>
  </node>
  <node name="end" x="170" y="763" width="132" height="36"/>
</root-container>
