<?xml version='1.0' encoding='UTF-8'?>
<beans xmlns="http://www.springframework.org/schema/beans"
       xmlns:xsi="http://www.w3.org/2001/XMLSchema-instance"
       xsi:schemaLocation="http://www.springframework.org/schema/beans
          http://www.springframework.org/schema/beans/spring-beans-2.0.xsd">


    <!-- The services-context.xml file is used to define beans for any new 
		 module services that we build, event handlers etc.  -->

  <!--
        Define the model factory used to generate object models suitable for use with freemarker templates.
    -->
    <bean id="templateActionModelFactory" class="org.alfresco.repo.action.scheduled.FreeMarkerWithLuceneExtensionsModelFactory">
        <property name="serviceRegistry">
            <ref bean="ServiceRegistry"/>
        </property>
    </bean>

    <!--
        An action template that defines an action to run the
        /Company Home/Data Dictionary/Scripts/checkReviewPeriodAndSendEmail.js script
    -->
    <bean id="com.bestmoney.dm.runCheckReviewPeriodScriptAction"
          class="org.alfresco.repo.action.scheduled.SimpleTemplateActionDefinition">
        <property name="actionName">
            <value>script</value>
        </property>
        <property name="parameterTemplates">
            <map>
                <entry>
                    <key>
                        <value>script-ref</value>
                    </key>
                    <!-- element and value has to be on the same line -->
                    <value>selectSingleNode('workspace://SpacesStore', 'lucene', 'PATH:"/app:company_home/app:dictionary/app:scripts/cm:checkReviewPeriodAndSendEmail.js"')</value>
                </entry>
            </map>
        </property>
        <property name="templateActionModelFactory">
            <ref bean="templateActionModelFactory"/>
        </property>
        <property name="dictionaryService">
            <ref bean="DictionaryService"/>
        </property>
        <property name="actionService">
            <ref bean="ActionService"/>
        </property>
        <property name="templateService">
            <ref bean="TemplateService"/>
        </property>
    </bean>

    <!--
        Define a job for checking Review Period for folders every month.
    -->
    <bean id="com.bestmoney.dm.invokeCheckReviewPeriodScriptActionEveryMonth"
          class="org.alfresco.repo.action.scheduled.CronScheduledQueryBasedTemplateActionDefinition">
        <property name="transactionMode">
            <value>UNTIL_FIRST_FAILURE</value>
        </property>
        <property name="compensatingActionMode">
            <value>IGNORE</value>
        </property>
        <property name="searchService">
            <ref bean="SearchService"/>
        </property>
        <property name="templateService">
            <ref bean="TemplateService"/>
        </property>
        <property name="queryLanguage">
            <value>lucene</value>
        </property>
        <property name="stores">
            <list>
                <value>workspace://SpacesStore</value>
            </list>
        </property>
        <!-- A query is not being used, just set the path to company home,
             which results in one hit that we will run the script against -->
        <property name="queryTemplate">
            <value>PATH:"/app:company_home"</value>
        </property>
        <!-- Execute the check review period action at the end of every month.
		     During testing we can set it to execute for example every 5 minutes  -->
        <property name="cronExpression">
            <value>0 0 22 L * ?</value>
        </property>
        <property name="jobName">
            <value>checkReviewPeriodForFolders</value>
        </property>
        <property name="jobGroup">
            <value>BestMoney</value>
        </property>
        <property name="triggerName">
            <value>lastDayOfMonthTrigger</value>
        </property>
        <property name="triggerGroup">
            <value>BestMoneyTriggerGroup</value>
        </property>
        <property name="scheduler">
            <ref bean="schedulerFactory"/>
        </property>
        <property name="actionService">
            <ref bean="ActionService"/>
        </property>
        <property name="templateActionModelFactory">
            <ref bean="templateActionModelFactory"/>
        </property>
        <property name="templateActionDefinition">
            <ref bean="com.bestmoney.dm.runCheckReviewPeriodScriptAction"/>
        </property>
        <property name="transactionService">
            <ref bean="TransactionService"/>
        </property>
        <property name="runAsUser">
            <value>System</value>
        </property>
    </bean>

    <!-- Define the webscript that handles requests from links in emails generated by the
         ExternalSignOffNotification action handler -->
    <bean id="webscript.com.bestmoney.cms.marketing.bpm.signoff.get"
          class="com.bestmoney.cms.workflow.webscripts.ExternalSignOffWebScript" parent="webscript">
        <property name="workflowService">
            <ref bean="WorkflowService"/>
        </property>
    </bean>

</beans>
