<?xml version='1.0' encoding='UTF-8'?>
<!DOCTYPE beans PUBLIC '-//SPRING//DTD BEAN//EN' 'http://www.springframework.org/dtd/spring-beans.dtd'>

<beans>
<!-- This is the custom Spring  bean configuration file for Alfresco Share.
     Here you can override the Web Script search path, override template
     and script search path, add message property files etc -->

   <!-- Override WebScript Messages - add application extension messages -->
   <bean id="webscripts.resources" class="org.springframework.extensions.surf.util.ResourceBundleBootstrapComponent">
      <property name="resourceBundles">
         <list>
            <value>webscripts.messages.webscripts</value>
            <value>alfresco.messages.common</value>
            <value>alfresco.messages.slingshot</value>

            <!-- Added the following properties file for this extension --> 
            <value>alfresco.messages.extension-app</value>
         </list>
      </property>
   </bean>

</beans>